0	7	5	5
0	9	5	5
0	11	5	5
0	13	5	5
0	15	5	5
0	17	5	5
0	18	5	5
0	27	5	5
0	35	5	5
0	36	5	5
0	37	5	5
0	38	5	5
0	39	5	5
0	40	5	5
0	41	5	5
0	42	5	5
0	43	5	5
0	45	5	5
0	46	5	5
0	47	5	5
0	48	5	5
0	49	5	5
0	50	5	5
0	51	5	5
0	52	5	5
0	53	5	5
0	54	5	5
0	55	5	5
0	60	5	5
0	64	5	5
0	65	5	5
0	66	5	5
0	67	5	5
0	73	5	5
0	75	5	5
0	76	5	5
0	77	5	5
0	80	5	5
0	81	5	5
0	82	5	5
0	85	5	5
0	87	5	5
0	88	5	5
0	89	5	5
0	90	5	5
0	91	5	5
0	92	5	5
0	93	5	5
0	94	5	5
0	95	5	5
0	96	5	5
0	97	5	5
0	98	5	5
0	99	5	5
0	100	5	5
0	102	5	5
0	105	5	5
0	106	5	5
0	107	5	5
0	108	5	5
0	109	5	5
0	110	5	5
0	111	5	5
0	112	5	5
0	113	5	5
0	114	5	5
0	115	5	5
0	116	5	5
0	117	5	5
0	120	5	5
0	121	5	5
0	122	5	5
0	123	5	5
0	124	5	5
0	125	5	5
0	126	5	5
0	127	5	5
0	128	5	5
0	129	5	5
0	130	5	5
0	131	5	5
0	132	5	5
0	133	5	5
0	134	5	5
0	135	5	5
0	136	5	5
0	137	5	5
0	138	5	5
0	139	5	5
0	140	5	5
0	141	5	5
0	142	5	5
0	143	5	5
0	144	5	5
0	145	5	5
0	146	5	5
0	147	5	5
0	148	5	5
0	149	5	5
0	150	5	5
0	151	5	5
0	152	5	5
0	153	5	5
0	154	5	5
0	155	5	5
0	156	5	5
0	157	5	5
0	158	5	5
0	159	5	5
0	160	5	5
0	161	5	5
0	162	5	5
0	163	5	5
0	164	5	5
0	165	5	5
0	166	5	5
0	167	5	5
0	168	5	5
0	169	5	5
0	170	5	5
0	172	5	5
0	173	5	5
0	174	5	5
0	175	5	5
0	176	5	5
0	177	5	5
0	178	5	5
0	179	5	5
0	180	5	5
0	181	5	5
0	182	5	5
0	183	5	5
0	184	5	5
0	185	5	5
0	186	5	5
0	187	5	5
0	188	5	5
0	189	5	5
0	190	5	5
0	191	5	5
0	192	5	5
0	193	5	5
0	194	5	5
0	195	5	5
0	196	5	5
0	197	5	5
0	198	5	5
0	199	5	5
0	200	5	5
0	201	5	5
0	202	5	5
0	203	5	5
0	204	5	5
0	205	5	5
0	206	5	5
0	207	5	5
0	208	5	5
0	209	5	5
0	210	5	5
0	211	5	5
0	212	5	5
0	213	5	5
0	214	5	5
0	215	5	5
0	216	5	5
0	217	5	5
0	218	5	5
0	219	5	5
0	220	5	5
0	221	5	5
0	222	5	5
0	223	5	5
0	224	5	5
0	274	5	5
0	276	5	5
0	278	5	5
0	280	5	5
0	288	5	5
0	289	5	5
0	290	5	5
0	292	5	5
0	294	5	5
0	295	5	5
0	296	5	5
0	297	5	5
0	298	5	5
0	301	5	5
0	304	5	5
0	305	5	5
0	316	5	5
0	317	5	5
0	318	5	5
0	319	5	5
0	320	5	5
0	321	5	5
0	322	5	5
0	361	5	5
0	365	5	5
0	379	5	5
0	387	5	5
0	388	5	5
0	389	5	5
0	390	5	5
0	391	5	5
0	392	5	5
0	393	5	5
0	410	5	5
0	411	5	5
0	415	5	5
0	416	5	5
0	417	5	5
0	418	5	5
0	420	5	5
0	421	5	5
0	422	5	5
0	424	5	5
0	432	5	5
0	433	5	5
0	434	5	5
0	435	5	5
0	436	5	5
0	437	5	5
0	438	5	5
0	439	5	5
0	440	5	5
0	441	5	5
0	442	5	5
0	443	5	5
0	444	5	5
0	445	5	5
0	446	5	5
0	447	5	5
0	448	5	5
0	449	5	5
0	450	5	5
0	451	5	5
0	452	5	5
0	461	5	5
0	463	5	5
0	465	5	5
0	473	5	5
0	477	5	5
0	478	5	5
0	479	5	5
0	481	5	5
0	483	5	5
0	487	5	5
0	488	5	5
0	489	5	5
0	490	5	5
0	491	5	5
0	492	5	5
0	493	5	5
0	496	5	5
0	497	5	5
0	498	5	5
0	500	5	5
0	502	5	5
0	504	5	5
0	516	5	5
0	518	5	5
0	519	5	5
0	520	5	5
0	522	5	5
0	538	5	5
0	540	5	5
0	541	5	5
0	544	5	5
0	546	5	5
0	547	5	5
0	550	5	5
0	551	5	5
0	552	5	5
0	554	5	5
0	556	5	5
0	558	5	5
0	561	5	5
0	562	5	5
0	563	5	5
0	566	5	5
0	567	5	5
0	568	5	5
0	569	5	5
0	573	5	5
0	575	5	5
0	576	5	5
0	577	5	5
0	578	5	5
0	579	5	5
0	583	5	5
0	587	5	5
0	588	5	5
0	589	5	5
0	590	5	5
0	591	5	5
0	592	5	5
0	593	5	5
0	594	5	5
0	595	5	5
0	596	5	5
0	597	5	5
0	598	5	5
0	599	5	5
0	600	5	5
0	601	5	5
0	603	5	5
0	604	5	5
0	605	5	5
0	606	5	5
0	607	5	5
0	608	5	5
0	609	5	5
0	610	5	5
0	611	5	5
0	612	5	5
0	613	5	5
0	614	5	5
0	615	5	5
0	616	5	5
0	618	5	5
0	620	5	5
0	622	5	5
0	624	5	5
0	625	5	5
0	626	5	5
0	627	5	5
0	628	5	5
0	629	5	5
0	630	5	5
0	632	5	5
0	633	5	5
0	634	5	5
0	638	5	5
0	639	5	5
0	640	5	5
0	641	5	5
0	642	5	5
0	643	5	5
0	644	5	5
0	645	5	5
0	646	5	5
0	647	5	5
0	648	5	5
0	649	5	5
0	650	5	5
0	651	5	5
0	652	5	5
0	653	5	5
5	7	5	5
5	9	5	5
5	11	5	5
5	13	5	5
5	15	5	5
5	17	5	5
5	18	5	5
5	27	5	5
5	35	5	5
5	36	5	5
5	37	5	5
5	38	5	5
5	39	5	5
5	40	5	5
5	41	5	5
5	42	5	5
5	43	5	5
5	45	5	5
5	46	5	5
5	47	5	5
5	48	5	5
5	49	5	5
5	50	5	5
5	51	5	5
5	52	5	5
5	53	5	5
5	54	5	5
5	55	5	5
5	60	5	5
5	64	5	5
5	65	5	5
5	66	5	5
5	67	5	5
5	73	5	5
5	75	5	5
5	76	5	5
5	77	5	5
5	80	5	5
5	81	5	5
5	82	5	5
5	85	5	5
5	87	5	5
5	88	5	5
5	89	5	5
5	90	5	5
5	91	5	5
5	92	5	5
5	93	5	5
5	94	5	5
5	95	5	5
5	96	5	5
5	97	5	5
5	98	5	5
5	99	5	5
5	100	5	5
5	102	5	5
5	105	5	5
5	106	5	5
5	107	5	5
5	108	5	5
5	109	5	5
5	110	5	5
5	111	5	5
5	112	5	5
5	113	5	5
5	114	5	5
5	115	5	5
5	116	5	5
5	117	5	5
5	120	5	5
5	121	5	5
5	122	5	5
5	123	5	5
5	124	5	5
5	125	5	5
5	126	5	5
5	127	5	5
5	128	5	5
5	129	5	5
5	130	5	5
5	131	5	5
5	132	5	5
5	133	5	5
5	134	5	5
5	135	5	5
5	136	5	5
5	137	5	5
5	138	5	5
5	139	5	5
5	140	5	5
5	141	5	5
5	142	5	5
5	143	5	5
5	144	5	5
5	145	5	5
5	146	5	5
5	147	5	5
5	148	5	5
5	149	5	5
5	150	5	5
5	151	5	5
5	152	5	5
5	153	5	5
5	154	5	5
5	155	5	5
5	156	5	5
5	157	5	5
5	158	5	5
5	159	5	5
5	160	5	5
5	161	5	5
5	162	5	5
5	163	5	5
5	164	5	5
5	165	5	5
5	166	5	5
5	167	5	5
5	168	5	5
5	169	5	5
5	170	5	5
5	172	5	5
5	173	5	5
5	174	5	5
5	175	5	5
5	176	5	5
5	177	5	5
5	178	5	5
5	179	5	5
5	180	5	5
5	181	5	5
5	182	5	5
5	183	5	5
5	184	5	5
5	185	5	5
5	186	5	5
5	187	5	5
5	188	5	5
5	189	5	5
5	190	5	5
5	191	5	5
5	192	5	5
5	193	5	5
5	194	5	5
5	195	5	5
5	196	5	5
5	197	5	5
5	198	5	5
5	199	5	5
5	200	5	5
5	201	5	5
5	202	5	5
5	203	5	5
5	204	5	5
5	205	5	5
5	206	5	5
5	207	5	5
5	208	5	5
5	209	5	5
5	210	5	5
5	211	5	5
5	212	5	5
5	213	5	5
5	214	5	5
5	215	5	5
5	216	5	5
5	217	5	5
5	218	5	5
5	219	5	5
5	220	5	5
5	221	5	5
5	222	5	5
5	223	5	5
5	224	5	5
5	274	5	5
5	276	5	5
5	278	5	5
5	280	5	5
5	288	5	5
5	289	5	5
5	290	5	5
5	292	5	5
5	294	5	5
5	295	5	5
5	296	5	5
5	297	5	5
5	298	5	5
5	301	5	5
5	304	5	5
5	305	5	5
5	316	5	5
5	317	5	5
5	318	5	5
5	319	5	5
5	320	5	5
5	321	5	5
5	322	5	5
5	361	5	5
5	365	5	5
5	379	5	5
5	387	5	5
5	388	5	5
5	389	5	5
5	390	5	5
5	391	5	5
5	392	5	5
5	393	5	5
5	410	5	5
5	411	5	5
5	415	5	5
5	416	5	5
5	417	5	5
5	418	5	5
5	420	5	5
5	421	5	5
5	422	5	5
5	424	5	5
5	432	5	5
5	433	5	5
5	434	5	5
5	435	5	5
5	436	5	5
5	437	5	5
5	438	5	5
5	439	5	5
5	440	5	5
5	441	5	5
5	442	5	5
5	443	5	5
5	444	5	5
5	445	5	5
5	446	5	5
5	447	5	5
5	448	5	5
5	449	5	5
5	450	5	5
5	451	5	5
5	452	5	5
5	461	5	5
5	463	5	5
5	465	5	5
5	473	5	5
5	477	5	5
5	478	5	5
5	479	5	5
5	481	5	5
5	483	5	5
5	487	5	5
5	488	5	5
5	489	5	5
5	490	5	5
5	491	5	5
5	492	5	5
5	493	5	5
5	496	5	5
5	497	5	5
5	498	5	5
5	500	5	5
5	502	5	5
5	504	5	5
5	516	5	5
5	518	5	5
5	519	5	5
5	520	5	5
5	522	5	5
5	538	5	5
5	540	5	5
5	541	5	5
5	544	5	5
5	546	5	5
5	547	5	5
5	550	5	5
5	551	5	5
5	552	5	5
5	554	5	5
5	556	5	5
5	558	5	5
5	561	5	5
5	562	5	5
5	563	5	5
5	566	5	5
5	567	5	5
5	568	5	5
5	569	5	5
5	573	5	5
5	575	5	5
5	576	5	5
5	577	5	5
5	578	5	5
5	579	5	5
5	583	5	5
5	587	5	5
5	588	5	5
5	589	5	5
5	590	5	5
5	591	5	5
5	592	5	5
5	593	5	5
5	594	5	5
5	595	5	5
5	596	5	5
5	597	5	5
5	598	5	5
5	599	5	5
5	600	5	5
5	601	5	5
5	603	5	5
5	604	5	5
5	605	5	5
5	606	5	5
5	607	5	5
5	608	5	5
5	609	5	5
5	610	5	5
5	611	5	5
5	612	5	5
5	613	5	5
5	614	5	5
5	615	5	5
5	616	5	5
5	618	5	5
5	620	5	5
5	622	5	5
5	624	5	5
5	625	5	5
5	626	5	5
5	627	5	5
5	628	5	5
5	629	5	5
5	630	5	5
5	632	5	5
5	633	5	5
5	634	5	5
5	638	5	5
5	639	5	5
5	640	5	5
5	641	5	5
5	642	5	5
5	643	5	5
5	644	5	5
5	645	5	5
5	646	5	5
5	647	5	5
5	648	5	5
5	649	5	5
5	650	5	5
5	651	5	5
5	652	5	5
5	653	5	5
10	7	5	5
10	9	5	5
10	11	5	5
10	13	5	5
10	15	5	5
10	17	5	5
10	18	5	5
10	27	5	5
10	35	5	5
10	36	5	5
10	37	5	5
10	38	5	5
10	39	5	5
10	40	5	5
10	41	5	5
10	42	5	5
10	43	5	5
10	45	5	5
10	46	5	5
10	47	5	5
10	48	5	5
10	49	5	5
10	50	5	5
10	51	5	5
10	52	5	5
10	53	5	5
10	54	5	5
10	55	5	5
10	60	5	5
10	64	5	5
10	65	5	5
10	66	5	5
10	67	5	5
10	73	5	5
10	75	5	5
10	76	5	5
10	77	5	5
10	80	5	5
10	81	5	5
10	82	5	5
10	85	5	5
10	87	5	5
10	88	5	5
10	89	5	5
10	90	5	5
10	91	5	5
10	92	5	5
10	93	5	5
10	94	5	5
10	95	5	5
10	96	5	5
10	97	5	5
10	98	5	5
10	99	5	5
10	100	5	5
10	102	5	5
10	105	5	5
10	106	5	5
10	107	5	5
10	108	5	5
10	109	5	5
10	110	5	5
10	111	5	5
10	112	5	5
10	113	5	5
10	114	5	5
10	115	5	5
10	116	5	5
10	117	5	5
10	120	5	5
10	121	5	5
10	122	5	5
10	123	5	5
10	124	5	5
10	125	5	5
10	126	5	5
10	127	5	5
10	128	5	5
10	129	5	5
10	130	5	5
10	131	5	5
10	132	5	5
10	133	5	5
10	134	5	5
10	135	5	5
10	136	5	5
10	137	5	5
10	138	5	5
10	139	5	5
10	140	5	5
10	141	5	5
10	142	5	5
10	143	5	5
10	144	5	5
10	145	5	5
10	146	5	5
10	147	5	5
10	148	5	5
10	149	5	5
10	150	5	5
10	151	5	5
10	152	5	5
10	153	5	5
10	154	5	5
10	155	5	5
10	156	5	5
10	157	5	5
10	158	5	5
10	159	5	5
10	160	5	5
10	161	5	5
10	162	5	5
10	163	5	5
10	164	5	5
10	165	5	5
10	166	5	5
10	167	5	5
10	168	5	5
10	169	5	5
10	170	5	5
10	172	5	5
10	173	5	5
10	174	5	5
10	175	5	5
10	176	5	5
10	177	5	5
10	178	5	5
10	179	5	5
10	180	5	5
10	181	5	5
10	182	5	5
10	183	5	5
10	184	5	5
10	185	5	5
10	186	5	5
10	187	5	5
10	188	5	5
10	189	5	5
10	190	5	5
10	191	5	5
10	192	5	5
10	193	5	5
10	194	5	5
10	195	5	5
10	196	5	5
10	197	5	5
10	198	5	5
10	199	5	5
10	200	5	5
10	201	5	5
10	202	5	5
10	203	5	5
10	204	5	5
10	205	5	5
10	206	5	5
10	207	5	5
10	208	5	5
10	209	5	5
10	210	5	5
10	211	5	5
10	212	5	5
10	213	5	5
10	214	5	5
10	215	5	5
10	216	5	5
10	217	5	5
10	218	5	5
10	219	5	5
10	220	5	5
10	221	5	5
10	222	5	5
10	223	5	5
10	224	5	5
10	274	5	5
10	276	5	5
10	278	5	5
10	280	5	5
10	288	5	5
10	289	5	5
10	290	5	5
10	292	5	5
10	294	5	5
10	295	5	5
10	296	5	5
10	297	5	5
10	298	5	5
10	301	5	5
10	304	5	5
10	305	5	5
10	316	5	5
10	317	5	5
10	318	5	5
10	319	5	5
10	320	5	5
10	321	5	5
10	322	5	5
10	361	5	5
10	365	5	5
10	379	5	5
10	387	5	5
10	388	5	5
10	389	5	5
10	390	5	5
10	391	5	5
10	392	5	5
10	393	5	5
10	410	5	5
10	411	5	5
10	415	5	5
10	416	5	5
10	417	5	5
10	418	5	5
10	420	5	5
10	421	5	5
10	422	5	5
10	424	5	5
10	432	5	5
10	433	5	5
10	434	5	5
10	435	5	5
10	436	5	5
10	437	5	5
10	438	5	5
10	439	5	5
10	440	5	5
10	441	5	5
10	442	5	5
10	443	5	5
10	444	5	5
10	445	5	5
10	446	5	5
10	447	5	5
10	448	5	5
10	449	5	5
10	450	5	5
10	451	5	5
10	452	5	5
10	461	5	5
10	463	5	5
10	465	5	5
10	473	5	5
10	477	5	5
10	478	5	5
10	479	5	5
10	481	5	5
10	483	5	5
10	487	5	5
10	488	5	5
10	489	5	5
10	490	5	5
10	491	5	5
10	492	5	5
10	493	5	5
10	496	5	5
10	497	5	5
10	498	5	5
10	500	5	5
10	502	5	5
10	504	5	5
10	516	5	5
10	518	5	5
10	519	5	5
10	520	5	5
10	522	5	5
10	538	5	5
10	540	5	5
10	541	5	5
10	544	5	5
10	546	5	5
10	547	5	5
10	550	5	5
10	551	5	5
10	552	5	5
10	554	5	5
10	556	5	5
10	558	5	5
10	561	5	5
10	562	5	5
10	563	5	5
10	566	5	5
10	567	5	5
10	568	5	5
10	569	5	5
10	573	5	5
10	575	5	5
10	576	5	5
10	577	5	5
10	578	5	5
10	579	5	5
10	583	5	5
10	587	5	5
10	588	5	5
10	589	5	5
10	590	5	5
10	591	5	5
10	592	5	5
10	593	5	5
10	594	5	5
10	595	5	5
10	596	5	5
10	597	5	5
10	598	5	5
10	599	5	5
10	600	5	5
10	601	5	5
10	603	5	5
10	604	5	5
10	605	5	5
10	606	5	5
10	607	5	5
10	608	5	5
10	609	5	5
10	610	5	5
10	611	5	5
10	612	5	5
10	613	5	5
10	614	5	5
10	615	5	5
10	616	5	5
10	618	5	5
10	620	5	5
10	622	5	5
10	624	5	5
10	625	5	5
10	626	5	5
10	627	5	5
10	628	5	5
10	629	5	5
10	630	5	5
10	632	5	5
10	633	5	5
10	634	5	5
10	638	5	5
10	639	5	5
10	640	5	5
10	641	5	5
10	642	5	5
10	643	5	5
10	644	5	5
10	645	5	5
10	646	5	5
10	647	5	5
10	648	5	5
10	649	5	5
10	650	5	5
10	651	5	5
10	652	5	5
10	653	5	5
15	7	5	5
15	9	5	5
15	11	5	5
15	13	5	5
15	15	5	5
15	17	5	5
15	18	5	5
15	27	5	5
15	35	5	5
15	36	5	5
15	37	5	5
15	38	5	5
15	39	5	5
15	40	5	5
15	41	5	5
15	42	5	5
15	43	5	5
15	45	5	5
15	46	5	5
15	47	5	5
15	48	5	5
15	49	5	5
15	50	5	5
15	51	5	5
15	52	5	5
15	53	5	5
15	54	5	5
15	55	5	5
15	60	5	5
15	64	5	5
15	65	5	5
15	66	5	5
15	67	5	5
15	73	5	5
15	75	5	5
15	76	5	5
15	77	5	5
15	80	5	5
15	81	5	5
15	82	5	5
15	85	5	5
15	87	5	5
15	88	5	5
15	89	5	5
15	90	5	5
15	91	5	5
15	92	5	5
15	93	5	5
15	94	5	5
15	95	5	5
15	96	5	5
15	97	5	5
15	98	5	5
15	99	5	5
15	100	5	5
15	102	5	5
15	105	5	5
15	106	5	5
15	107	5	5
15	108	5	5
15	109	5	5
15	110	5	5
15	111	5	5
15	112	5	5
15	113	5	5
15	114	5	5
15	115	5	5
15	116	5	5
15	117	5	5
15	120	5	5
15	121	5	5
15	122	5	5
15	123	5	5
15	124	5	5
15	125	5	5
15	126	5	5
15	127	5	5
15	128	5	5
15	129	5	5
15	130	5	5
15	131	5	5
15	132	5	5
15	133	5	5
15	134	5	5
15	135	5	5
15	136	5	5
15	137	5	5
15	138	5	5
15	139	5	5
15	140	5	5
15	141	5	5
15	142	5	5
15	143	5	5
15	144	5	5
15	145	5	5
15	146	5	5
15	147	5	5
15	148	5	5
15	149	5	5
15	150	5	5
15	151	5	5
15	152	5	5
15	153	5	5
15	154	5	5
15	155	5	5
15	156	5	5
15	157	5	5
15	158	5	5
15	159	5	5
15	160	5	5
15	161	5	5
15	162	5	5
15	163	5	5
15	164	5	5
15	165	5	5
15	166	5	5
15	167	5	5
15	168	5	5
15	169	5	5
15	170	5	5
15	172	5	5
15	173	5	5
15	174	5	5
15	175	5	5
15	176	5	5
15	177	5	5
15	178	5	5
15	179	5	5
15	180	5	5
15	181	5	5
15	182	5	5
15	183	5	5
15	184	5	5
15	185	5	5
15	186	5	5
15	187	5	5
15	188	5	5
15	189	5	5
15	190	5	5
15	191	5	5
15	192	5	5
15	193	5	5
15	194	5	5
15	195	5	5
15	196	5	5
15	197	5	5
15	198	5	5
15	199	5	5
15	200	5	5
15	201	5	5
15	202	5	5
15	203	5	5
15	204	5	5
15	205	5	5
15	206	5	5
15	207	5	5
15	208	5	5
15	209	5	5
15	210	5	5
15	211	5	5
15	212	5	5
15	213	5	5
15	214	5	5
15	215	5	5
15	216	5	5
15	217	5	5
15	218	5	5
15	219	5	5
15	220	5	5
15	221	5	5
15	222	5	5
15	223	5	5
15	224	5	5
15	274	5	5
15	276	5	5
15	278	5	5
15	280	5	5
15	288	5	5
15	289	5	5
15	290	5	5
15	292	5	5
15	294	5	5
15	295	5	5
15	296	5	5
15	297	5	5
15	298	5	5
15	301	5	5
15	304	5	5
15	305	5	5
15	316	5	5
15	317	5	5
15	318	5	5
15	319	5	5
15	320	5	5
15	321	5	5
15	322	5	5
15	361	5	5
15	365	5	5
15	379	5	5
15	387	5	5
15	388	5	5
15	389	5	5
15	390	5	5
15	391	5	5
15	392	5	5
15	393	5	5
15	410	5	5
15	411	5	5
15	415	5	5
15	416	5	5
15	417	5	5
15	418	5	5
15	420	5	5
15	421	5	5
15	422	5	5
15	424	5	5
15	432	5	5
15	433	5	5
15	434	5	5
15	435	5	5
15	436	5	5
15	437	5	5
15	438	5	5
15	439	5	5
15	440	5	5
15	441	5	5
15	442	5	5
15	443	5	5
15	444	5	5
15	445	5	5
15	446	5	5
15	447	5	5
15	448	5	5
15	449	5	5
15	450	5	5
15	451	5	5
15	452	5	5
15	461	5	5
15	463	5	5
15	465	5	5
15	473	5	5
15	477	5	5
15	478	5	5
15	479	5	5
15	481	5	5
15	483	5	5
15	487	5	5
15	488	5	5
15	489	5	5
15	490	5	5
15	491	5	5
15	492	5	5
15	493	5	5
15	496	5	5
15	497	5	5
15	498	5	5
15	500	5	5
15	502	5	5
15	504	5	5
15	516	5	5
15	518	5	5
15	519	5	5
15	520	5	5
15	522	5	5
15	538	5	5
15	540	5	5
15	541	5	5
15	544	5	5
15	546	5	5
15	547	5	5
15	550	5	5
15	551	5	5
15	552	5	5
15	554	5	5
15	556	5	5
15	558	5	5
15	561	5	5
15	562	5	5
15	563	5	5
15	566	5	5
15	567	5	5
15	568	5	5
15	569	5	5
15	573	5	5
15	575	5	5
15	576	5	5
15	577	5	5
15	578	5	5
15	579	5	5
15	583	5	5
15	587	5	5
15	588	5	5
15	589	5	5
15	590	5	5
15	591	5	5
15	592	5	5
15	593	5	5
15	594	5	5
15	595	5	5
15	596	5	5
15	597	5	5
15	598	5	5
15	599	5	5
15	600	5	5
15	601	5	5
15	603	5	5
15	604	5	5
15	605	5	5
15	606	5	5
15	607	5	5
15	608	5	5
15	609	5	5
15	610	5	5
15	611	5	5
15	612	5	5
15	613	5	5
15	614	5	5
15	615	5	5
15	616	5	5
15	618	5	5
15	620	5	5
15	622	5	5
15	624	5	5
15	625	5	5
15	626	5	5
15	627	5	5
15	628	5	5
15	629	5	5
15	630	5	5
15	632	5	5
15	633	5	5
15	634	5	5
15	638	5	5
15	639	5	5
15	640	5	5
15	641	5	5
15	642	5	5
15	643	5	5
15	644	5	5
15	645	5	5
15	646	5	5
15	647	5	5
15	648	5	5
15	649	5	5
15	650	5	5
15	651	5	5
15	652	5	5
15	653	5	5
20	7	5	5
20	9	5	5
20	11	5	5
20	13	5	5
20	15	5	5
20	17	5	5
20	18	5	5
20	27	5	5
20	35	5	5
20	36	5	5
20	37	5	5
20	38	5	5
20	39	5	5
20	40	5	5
20	41	5	5
20	42	5	5
20	43	5	5
20	45	5	5
20	46	5	5
20	47	5	5
20	48	5	5
20	49	5	5
20	50	5	5
20	51	5	5
20	52	5	5
20	53	5	5
20	54	5	5
20	55	5	5
20	60	5	5
20	64	5	5
20	65	5	5
20	66	5	5
20	67	5	5
20	73	5	5
20	75	5	5
20	76	5	5
20	77	5	5
20	80	5	5
20	81	5	5
20	82	5	5
20	85	5	5
20	87	5	5
20	88	5	5
20	89	5	5
20	90	5	5
20	91	5	5
20	92	5	5
20	93	5	5
20	94	5	5
20	95	5	5
20	96	5	5
20	97	5	5
20	98	5	5
20	99	5	5
20	100	5	5
20	102	5	5
20	105	5	5
20	106	5	5
20	107	5	5
20	108	5	5
20	109	5	5
20	110	5	5
20	111	5	5
20	112	5	5
20	113	5	5
20	114	5	5
20	115	5	5
20	116	5	5
20	117	5	5
20	120	5	5
20	121	5	5
20	122	5	5
20	123	5	5
20	124	5	5
20	125	5	5
20	126	5	5
20	127	5	5
20	128	5	5
20	129	5	5
20	130	5	5
20	131	5	5
20	132	5	5
20	133	5	5
20	134	5	5
20	135	5	5
20	136	5	5
20	137	5	5
20	138	5	5
20	139	5	5
20	140	5	5
20	141	5	5
20	142	5	5
20	143	5	5
20	144	5	5
20	145	5	5
20	146	5	5
20	147	5	5
20	148	5	5
20	149	5	5
20	150	5	5
20	151	5	5
20	152	5	5
20	153	5	5
20	154	5	5
20	155	5	5
20	156	5	5
20	157	5	5
20	158	5	5
20	159	5	5
20	160	5	5
20	161	5	5
20	162	5	5
20	163	5	5
20	164	5	5
20	165	5	5
20	166	5	5
20	167	5	5
20	168	5	5
20	169	5	5
20	170	5	5
20	172	5	5
20	173	5	5
20	174	5	5
20	175	5	5
20	176	5	5
20	177	5	5
20	178	5	5
20	179	5	5
20	180	5	5
20	181	5	5
20	182	5	5
20	183	5	5
20	184	5	5
20	185	5	5
20	186	5	5
20	187	5	5
20	188	5	5
20	189	5	5
20	190	5	5
20	191	5	5
20	192	5	5
20	193	5	5
20	194	5	5
20	195	5	5
20	196	5	5
20	197	5	5
20	198	5	5
20	199	5	5
20	200	5	5
20	201	5	5
20	202	5	5
20	203	5	5
20	204	5	5
20	205	5	5
20	206	5	5
20	207	5	5
20	208	5	5
20	209	5	5
20	210	5	5
20	211	5	5
20	212	5	5
20	213	5	5
20	214	5	5
20	215	5	5
20	216	5	5
20	217	5	5
20	218	5	5
20	219	5	5
20	220	5	5
20	221	5	5
20	222	5	5
20	223	5	5
20	224	5	5
20	274	5	5
20	276	5	5
20	278	5	5
20	280	5	5
20	288	5	5
20	289	5	5
20	290	5	5
20	292	5	5
20	294	5	5
20	295	5	5
20	296	5	5
20	297	5	5
20	298	5	5
20	301	5	5
20	304	5	5
20	305	5	5
20	316	5	5
20	317	5	5
20	318	5	5
20	319	5	5
20	320	5	5
20	321	5	5
20	322	5	5
20	361	5	5
20	365	5	5
20	379	5	5
20	387	5	5
20	388	5	5
20	389	5	5
20	390	5	5
20	391	5	5
20	392	5	5
20	393	5	5
20	410	5	5
20	411	5	5
20	415	5	5
20	416	5	5
20	417	5	5
20	418	5	5
20	420	5	5
20	421	5	5
20	422	5	5
20	424	5	5
20	432	5	5
20	433	5	5
20	434	5	5
20	435	5	5
20	436	5	5
20	437	5	5
20	438	5	5
20	439	5	5
20	440	5	5
20	441	5	5
20	442	5	5
20	443	5	5
20	444	5	5
20	445	5	5
20	446	5	5
20	447	5	5
20	448	5	5
20	449	5	5
20	450	5	5
20	451	5	5
20	452	5	5
20	461	5	5
20	463	5	5
20	465	5	5
20	473	5	5
20	477	5	5
20	478	5	5
20	479	5	5
20	481	5	5
20	483	5	5
20	487	5	5
20	488	5	5
20	489	5	5
20	490	5	5
20	491	5	5
20	492	5	5
20	493	5	5
20	496	5	5
20	497	5	5
20	498	5	5
20	500	5	5
20	502	5	5
20	504	5	5
20	516	5	5
20	518	5	5
20	519	5	5
20	520	5	5
20	522	5	5
20	538	5	5
20	540	5	5
20	541	5	5
20	544	5	5
20	546	5	5
20	547	5	5
20	550	5	5
20	551	5	5
20	552	5	5
20	554	5	5
20	556	5	5
20	558	5	5
20	561	5	5
20	562	5	5
20	563	5	5
20	566	5	5
20	567	5	5
20	568	5	5
20	569	5	5
20	573	5	5
20	575	5	5
20	576	5	5
20	577	5	5
20	578	5	5
20	579	5	5
20	583	5	5
20	587	5	5
20	588	5	5
20	589	5	5
20	590	5	5
20	591	5	5
20	592	5	5
20	593	5	5
20	594	5	5
20	595	5	5
20	596	5	5
20	597	5	5
20	598	5	5
20	599	5	5
20	600	5	5
20	601	5	5
20	603	5	5
20	604	5	5
20	605	5	5
20	606	5	5
20	607	5	5
20	608	5	5
20	609	5	5
20	610	5	5
20	611	5	5
20	612	5	5
20	613	5	5
20	614	5	5
20	615	5	5
20	616	5	5
20	618	5	5
20	620	5	5
20	622	5	5
20	624	5	5
20	625	5	5
20	626	5	5
20	627	5	5
20	628	5	5
20	629	5	5
20	630	5	5
20	632	5	5
20	633	5	5
20	634	5	5
20	638	5	5
20	639	5	5
20	640	5	5
20	641	5	5
20	642	5	5
20	643	5	5
20	644	5	5
20	645	5	5
20	646	5	5
20	647	5	5
20	648	5	5
20	649	5	5
20	650	5	5
20	651	5	5
20	652	5	5
20	653	5	5
25	7	5	5
25	9	5	5
25	11	5	5
25	13	5	5
25	15	5	5
25	17	5	5
25	18	5	5
25	27	5	5
25	35	5	5
25	36	5	5
25	37	5	5
25	38	5	5
25	39	5	5
25	40	5	5
25	41	5	5
25	42	5	5
25	43	5	5
25	45	5	5
25	46	5	5
25	47	5	5
25	48	5	5
25	49	5	5
25	50	5	5
25	51	5	5
25	52	5	5
25	53	5	5
25	54	5	5
25	55	5	5
25	60	5	5
25	64	5	5
25	65	5	5
25	66	5	5
25	67	5	5
25	73	5	5
25	75	5	5
25	76	5	5
25	77	5	5
25	80	5	5
25	81	5	5
25	82	5	5
25	85	5	5
25	87	5	5
25	88	5	5
25	89	5	5
25	90	5	5
25	91	5	5
25	92	5	5
25	93	5	5
25	94	5	5
25	95	5	5
25	96	5	5
25	97	5	5
25	98	5	5
25	99	5	5
25	100	5	5
25	102	5	5
25	105	5	5
25	106	5	5
25	107	5	5
25	108	5	5
25	109	5	5
25	110	5	5
25	111	5	5
25	112	5	5
25	113	5	5
25	114	5	5
25	115	5	5
25	116	5	5
25	117	5	5
25	120	5	5
25	121	5	5
25	122	5	5
25	123	5	5
25	124	5	5
25	125	5	5
25	126	5	5
25	127	5	5
25	128	5	5
25	129	5	5
25	130	5	5
25	131	5	5
25	132	5	5
25	133	5	5
25	134	5	5
25	135	5	5
25	136	5	5
25	137	5	5
25	138	5	5
25	139	5	5
25	140	5	5
25	141	5	5
25	142	5	5
25	143	5	5
25	144	5	5
25	145	5	5
25	146	5	5
25	147	5	5
25	148	5	5
25	149	5	5
25	150	5	5
25	151	5	5
25	152	5	5
25	153	5	5
25	154	5	5
25	155	5	5
25	156	5	5
25	157	5	5
25	158	5	5
25	159	5	5
25	160	5	5
25	161	5	5
25	162	5	5
25	163	5	5
25	164	5	5
25	165	5	5
25	166	5	5
25	167	5	5
25	168	5	5
25	169	5	5
25	170	5	5
25	172	5	5
25	173	5	5
25	174	5	5
25	175	5	5
25	176	5	5
25	177	5	5
25	178	5	5
25	179	5	5
25	180	5	5
25	181	5	5
25	182	5	5
25	183	5	5
25	184	5	5
25	185	5	5
25	186	5	5
25	187	5	5
25	188	5	5
25	189	5	5
25	190	5	5
25	191	5	5
25	192	5	5
25	193	5	5
25	194	5	5
25	195	5	5
25	196	5	5
25	197	5	5
25	198	5	5
25	199	5	5
25	200	5	5
25	201	5	5
25	202	5	5
25	203	5	5
25	204	5	5
25	205	5	5
25	206	5	5
25	207	5	5
25	208	5	5
25	209	5	5
25	210	5	5
25	211	5	5
25	212	5	5
25	213	5	5
25	214	5	5
25	215	5	5
25	216	5	5
25	217	5	5
25	218	5	5
25	219	5	5
25	220	5	5
25	221	5	5
25	222	5	5
25	223	5	5
25	224	5	5
25	274	5	5
25	276	5	5
25	278	5	5
25	280	5	5
25	288	5	5
25	289	5	5
25	290	5	5
25	292	5	5
25	294	5	5
25	295	5	5
25	296	5	5
25	297	5	5
25	298	5	5
25	301	5	5
25	304	5	5
25	305	5	5
25	316	5	5
25	317	5	5
25	318	5	5
25	319	5	5
25	320	5	5
25	321	5	5
25	322	5	5
25	361	5	5
25	365	5	5
25	379	5	5
25	387	5	5
25	388	5	5
25	389	5	5
25	390	5	5
25	391	5	5
25	392	5	5
25	393	5	5
25	410	5	5
25	411	5	5
25	415	5	5
25	416	5	5
25	417	5	5
25	418	5	5
25	420	5	5
25	421	5	5
25	422	5	5
25	424	5	5
25	432	5	5
25	433	5	5
25	434	5	5
25	435	5	5
25	436	5	5
25	437	5	5
25	438	5	5
25	439	5	5
25	440	5	5
25	441	5	5
25	442	5	5
25	443	5	5
25	444	5	5
25	445	5	5
25	446	5	5
25	447	5	5
25	448	5	5
25	449	5	5
25	450	5	5
25	451	5	5
25	452	5	5
25	461	5	5
25	463	5	5
25	465	5	5
25	473	5	5
25	477	5	5
25	478	5	5
25	479	5	5
25	481	5	5
25	483	5	5
25	487	5	5
25	488	5	5
25	489	5	5
25	490	5	5
25	491	5	5
25	492	5	5
25	493	5	5
25	496	5	5
25	497	5	5
25	498	5	5
25	500	5	5
25	502	5	5
25	504	5	5
25	516	5	5
25	518	5	5
25	519	5	5
25	520	5	5
25	522	5	5
25	538	5	5
25	540	5	5
25	541	5	5
25	544	5	5
25	546	5	5
25	547	5	5
25	550	5	5
25	551	5	5
25	552	5	5
25	554	5	5
25	556	5	5
25	558	5	5
25	561	5	5
25	562	5	5
25	563	5	5
25	566	5	5
25	567	5	5
25	568	5	5
25	569	5	5
25	573	5	5
25	575	5	5
25	576	5	5
25	577	5	5
25	578	5	5
25	579	5	5
25	583	5	5
25	587	5	5
25	588	5	5
25	589	5	5
25	590	5	5
25	591	5	5
25	592	5	5
25	593	5	5
25	594	5	5
25	595	5	5
25	596	5	5
25	597	5	5
25	598	5	5
25	599	5	5
25	600	5	5
25	601	5	5
25	603	5	5
25	604	5	5
25	605	5	5
25	606	5	5
25	607	5	5
25	608	5	5
25	609	5	5
25	610	5	5
25	611	5	5
25	612	5	5
25	613	5	5
25	614	5	5
25	615	5	5
25	616	5	5
25	618	5	5
25	620	5	5
25	622	5	5
25	624	5	5
25	625	5	5
25	626	5	5
25	627	5	5
25	628	5	5
25	629	5	5
25	630	5	5
25	632	5	5
25	633	5	5
25	634	5	5
25	638	5	5
25	639	5	5
25	640	5	5
25	641	5	5
25	642	5	5
25	643	5	5
25	644	5	5
25	645	5	5
25	646	5	5
25	647	5	5
25	648	5	5
25	649	5	5
25	650	5	5
25	651	5	5
25	652	5	5
25	653	5	5
